9256,拖网
10654,拖网
9772,拖网
10603,拖网
10547,刺网
10108,拖网
10256,拖网
9899,围网
10054,刺网
10730,拖网
9861,拖网
9349,拖网
9316,拖网
10427,围网
9651,拖网
9587,拖网
9826,围网
9709,拖网
9506,围网
9028,拖网
10699,拖网
10814,围网
10917,刺网
9703,围网
10826,围网
9393,拖网
9483,拖网
10280,围网
10144,拖网
10644,拖网
9724,围网
9788,围网
10771,拖网
9454,拖网
10160,拖网
10665,围网
9731,拖网
9670,围网
9860,拖网
10211,刺网
10433,刺网
9230,拖网
10184,拖网
9998,刺网
9386,刺网
9265,围网
10527,围网
10410,刺网
10358,刺网
10683,拖网
9158,拖网
10417,拖网
10787,拖网
9836,拖网
10605,拖网
10583,围网
9450,围网
9311,拖网
10896,拖网
10232,拖网
9508,拖网
10457,围网
9288,围网
9314,拖网
10200,拖网
10958,拖网
10557,拖网
9619,拖网
9258,拖网
10817,拖网
9717,围网
9215,围网
10967,刺网
10031,拖网
9552,围网
10859,刺网
10570,拖网
10630,刺网
9777,围网
9324,刺网
9059,拖网
10418,拖网
9630,拖网
9617,拖网
10843,拖网
10431,拖网
10393,围网
10666,刺网
10172,刺网
10753,拖网
10784,围网
10748,拖网
10598,拖网
9401,刺网
10413,拖网
9934,刺网
9103,围网
10738,拖网
9594,围网
10378,围网
9005,拖网
10715,拖网
10755,拖网
10261,围网
9494,拖网
10133,拖网
9111,拖网
10792,拖网
10577,拖网
9668,围网
9686,拖网
9176,拖网
9222,围网
9167,拖网
10210,拖网
9988,围网
9409,拖网
9070,围网
9507,围网
10221,拖网
9696,拖网
9875,拖网
9170,拖网
9842,围网
10857,拖网
9382,拖网
10723,刺网
9808,刺网
10687,拖网
10806,拖网
9615,拖网
9001,拖网
9652,拖网
10346,围网
9115,围网
10885,拖网
9177,刺网
9504,拖网
10216,围网
10454,拖网
10496,拖网
10607,拖网
10139,拖网
9518,刺网
10746,围网
9123,刺网
9109,拖网
9484,拖网
10077,拖网
10150,拖网
9734,拖网
10032,拖网
10695,拖网
10304,围网
9463,拖网
9052,围网
10897,刺网
9015,拖网
9294,拖网
9470,刺网
10830,拖网
9802,拖网
10007,拖网
10366,拖网
9969,拖网
10181,围网
10511,刺网
10531,拖网
10877,围网
10742,拖网
10075,围网
10759,拖网
10504,围网
10042,拖网
10858,拖网
10283,拖网
10542,拖网
10624,拖网
10347,拖网
10277,围网
9599,围网
9474,围网
10152,拖网
10529,拖网
10224,拖网
9567,拖网
10752,拖网
10326,拖网
10306,拖网
9818,刺网
9561,围网
9152,刺网
9024,刺网
10503,拖网
9395,拖网
9647,拖网
9100,拖网
10756,拖网
9588,围网
9193,围网
10161,拖网
10928,拖网
9949,围网
9740,围网
9613,拖网
10655,刺网
10839,拖网
9886,围网
9743,拖网
9554,刺网
10927,拖网
10300,拖网
9385,拖网
10696,拖网
9927,围网
9662,拖网
9389,围网
9206,刺网
10254,围网
9628,刺网
10729,拖网
9063,拖网
9532,拖网
9411,拖网
9872,拖网
9822,拖网
10642,围网
9195,拖网
10520,围网
9098,拖网
9255,刺网
9237,围网
9214,拖网
9744,刺网
10151,拖网
10851,刺网
9025,围网
10384,拖网
9533,刺网
9993,刺网
10934,拖网
10643,拖网
9528,拖网
10812,拖网
9467,拖网
10564,拖网
9610,刺网
10018,拖网
9656,刺网
10585,拖网
10116,刺网
10619,拖网
10906,刺网
9188,拖网
10831,拖网
9657,刺网
9040,拖网
10918,拖网
10235,刺网
10681,拖网
9629,刺网
9576,围网
10010,拖网
10876,拖网
10260,围网
10142,围网
9380,拖网
9716,拖网
10400,拖网
9080,围网
9713,拖网
10808,拖网
9779,拖网
9027,围网
9213,围网
9398,拖网
9363,拖网
10110,刺网
9632,拖网
9074,拖网
10449,拖网
9593,围网
9137,刺网
9457,围网
9173,围网
10337,拖网
10180,拖网
10684,拖网
10003,拖网
10094,围网
10802,拖网
9545,拖网
10990,拖网
10942,拖网
10220,拖网
10163,拖网
10874,拖网
10537,拖网
10827,拖网
9676,拖网
9566,拖网
10694,拖网
10309,刺网
9156,围网
10061,围网
9637,围网
9452,刺网
10611,围网
9423,刺网
10595,拖网
9789,拖网
10972,围网
10911,拖网
9472,拖网
9127,围网
10213,围网
9937,围网
10805,拖网
9695,拖网
9752,围网
10931,拖网
10716,拖网
9572,拖网
9819,围网
10962,拖网
9046,拖网
9147,拖网
9794,刺网
9957,刺网
10733,拖网
9444,拖网
10059,拖网
9553,拖网
9343,拖网
10017,刺网
9143,围网
10976,拖网
9325,拖网
10581,刺网
9563,拖网
10664,拖网
9372,围网
9278,拖网
10177,刺网
10121,拖网
9973,拖网
10591,刺网
9767,拖网
10045,拖网
9803,拖网
10682,刺网
10533,拖网
9974,围网
10365,拖网
9515,刺网
9514,拖网
9649,拖网
10534,拖网
9053,拖网
10451,拖网
10070,拖网
10092,拖网
10064,拖网
10739,拖网
10194,围网
10625,拖网
9387,拖网
10842,拖网
10506,拖网
9125,拖网
9384,围网
9203,拖网
10750,围网
10725,围网
10035,拖网
9252,拖网
10845,刺网
9430,拖网
10572,拖网
10620,拖网
9978,拖网
9692,拖网
10333,围网
9462,刺网
10098,拖网
9141,拖网
10190,刺网
9009,拖网
10363,拖网
9753,拖网
9332,围网
10809,围网
10623,拖网
10700,拖网
9557,拖网
9665,围网
10794,拖网
10107,拖网
10223,拖网
10284,围网
10178,拖网
10409,拖网
10462,拖网
9883,拖网
10799,拖网
10146,拖网
10145,围网
9374,刺网
9471,拖网
9961,拖网
10797,拖网
10455,围网
10463,拖网
10320,围网
10861,拖网
10123,刺网
10783,刺网
10675,围网
9678,刺网
10975,围网
10586,刺网
10274,刺网
10661,围网
9582,拖网
9722,拖网
10460,拖网
10724,拖网
9305,拖网
10122,刺网
9702,拖网
9605,拖网
9735,围网
9700,拖网
9840,拖网
10986,拖网
10421,围网
10868,刺网
9959,拖网
10426,拖网
9948,刺网
9379,拖网
10711,拖网
9825,刺网
9049,围网
9292,刺网
10013,拖网
9654,拖网
9923,刺网
10886,拖网
10020,拖网
10375,拖网
10436,拖网
9493,围网
10330,拖网
9675,围网
9831,拖网
10722,围网
9097,拖网
9136,拖网
9344,拖网
9871,拖网
9489,围网
9723,刺网
9807,拖网
10884,拖网
10265,拖网
10091,拖网
9284,拖网
10050,拖网
9715,拖网
10833,拖网
10258,拖网
9828,拖网
9262,刺网
10105,刺网
9048,拖网
10136,拖网
10245,围网
9704,拖网
10456,刺网
9420,拖网
9853,围网
9279,拖网
10316,拖网
9008,围网
10401,刺网
9184,拖网
10345,拖网
10892,拖网
9548,拖网
9058,围网
9638,拖网
9921,拖网
9985,围网
10118,拖网
9902,刺网
9975,拖网
9589,刺网
10863,拖网
10324,围网
9091,围网
9540,拖网
9388,拖网
9858,刺网
9646,拖网
10383,刺网
10439,拖网
9194,拖网
9105,拖网
10810,拖网
9310,拖网
9806,围网
10947,拖网
9939,围网
9303,拖网
9865,围网
9950,刺网
10314,围网
9771,拖网
10440,刺网
9142,拖网
10930,拖网
9526,围网
9898,围网
10939,拖网
10467,围网
9870,拖网
10359,围网
10377,拖网
10925,围网
10009,围网
10382,拖网
10736,刺网
9010,拖网
9989,围网
10329,拖网
10208,拖网
10420,拖网
9917,拖网
9356,拖网
9887,围网
10837,围网
9913,拖网
9121,拖网
10916,拖网
10505,拖网
9698,刺网
9218,拖网
9018,拖网
9315,拖网
10567,拖网
10390,拖网
9837,围网
10331,刺网
9330,刺网
9431,拖网
10189,拖网
9527,拖网
9642,拖网
10067,刺网
10502,拖网
9399,拖网
9448,围网
9774,拖网
9940,拖网
10225,拖网
10847,围网
10697,拖网
9295,拖网
10818,拖网
9334,拖网
9564,拖网
10807,拖网
10069,拖网
9101,围网
10811,拖网
10606,拖网
9996,围网
9144,围网
10879,拖网
9341,拖网
9229,刺网
9041,拖网
10021,拖网
10027,拖网
9476,拖网
10569,拖网
9333,刺网
9164,拖网
9590,拖网
9469,围网
10914,围网
10628,拖网
10289,围网
10447,拖网
9443,围网
10371,刺网
9914,拖网
10955,围网
10720,刺网
10580,拖网
10251,拖网
10970,拖网
10056,围网
10867,拖网
9727,围网
10158,刺网
9312,拖网
10480,拖网
9741,围网
10270,围网
10670,围网
9965,拖网
9180,拖网
9226,围网
9352,拖网
10147,拖网
10499,拖网
10352,拖网
9813,刺网
10006,拖网
9787,拖网
9337,拖网
10775,拖网
9346,拖网
10803,拖网
9666,刺网
9029,拖网
9191,刺网
9509,拖网
9130,拖网
10182,拖网
10043,拖网
10822,围网
9322,围网
10104,拖网
10662,拖网
9556,刺网
9505,拖网
10649,拖网
10036,拖网
9360,围网
10414,拖网
9689,拖网
10727,拖网
9793,拖网
10286,拖网
10835,拖网
9369,拖网
9269,刺网
10903,拖网
9407,刺网
10434,刺网
9800,围网
10090,拖网
9908,拖网
9896,围网
9425,围网
9805,拖网
10712,拖网
10354,拖网
10508,刺网
9757,拖网
10380,拖网
9235,拖网
10357,刺网
9747,拖网
9419,拖网
10782,拖网
9286,围网
10464,拖网
9607,拖网
9849,拖网
10129,拖网
9353,拖网
9200,拖网
9761,拖网
9982,拖网
10604,拖网
10374,围网
9069,围网
9495,拖网
10798,围网
10081,刺网
10987,拖网
10866,围网
9748,围网
10038,拖网
10322,围网
9238,围网
9758,拖网
10960,拖网
9517,围网
9416,围网
10719,刺网
10387,拖网
10014,拖网
10243,刺网
9671,拖网
9248,拖网
9878,围网
10350,围网
10201,拖网
10351,拖网
10549,拖网
10011,围网
9596,拖网
10101,围网
10989,拖网
10785,拖网
9544,拖网
10068,拖网
9481,刺网
9650,拖网
10980,围网
10693,围网
9183,围网
9455,围网
10083,刺网
10386,围网
9924,拖网
10796,拖网
9336,拖网
10627,拖网
9350,拖网
9847,拖网
9660,拖网
10312,刺网
10102,围网
10435,刺网
10823,拖网
9944,围网
10525,拖网
10002,拖网
10364,拖网
10596,拖网
10988,围网
10126,刺网
10072,围网
9885,拖网
10895,拖网
10175,刺网
10276,拖网
10940,拖网
9644,刺网
9636,拖网
10568,拖网
9742,拖网
9926,拖网
9140,刺网
10388,拖网
9345,拖网
9879,拖网
10652,拖网
10838,围网
10230,拖网
9972,围网
10128,拖网
10592,拖网
9118,围网
10763,拖网
9862,围网
10512,拖网
9145,拖网
9485,拖网
9918,刺网
9445,拖网
10307,拖网
10562,刺网
10353,刺网
10685,拖网
9816,拖网
10778,拖网
10266,拖网
9296,拖网
10084,围网
10582,拖网
10450,围网
9763,围网
9768,拖网
9102,拖网
10279,拖网
9936,拖网
10571,拖网
9597,拖网
9217,刺网
10173,围网
9072,拖网
10816,刺网
9829,围网
10062,拖网
10202,刺网
10327,拖网
10170,拖网
9882,拖网
10491,刺网
10475,拖网
10197,拖网
9037,拖网
10997,拖网
9621,拖网
10688,拖网
9412,拖网
10298,围网
10950,拖网
9338,拖网
10492,拖网
9762,拖网
10639,刺网
9057,围网
9570,围网
9931,拖网
10905,围网
9331,刺网
9178,围网
10891,拖网
10848,围网
9390,拖网
10692,拖网
10734,拖网
9138,围网
9348,拖网
10343,刺网
10745,围网
10215,拖网
9895,拖网
10961,拖网
10718,围网
10131,拖网
9523,拖网
10855,围网
9166,拖网
10214,拖网
10901,围网
10106,拖网
10982,拖网
9298,围网
9497,刺网
9810,拖网
10949,拖网
9811,拖网
10883,拖网
9487,刺网
10899,刺网
9884,拖网
10554,拖网
10834,拖网
10385,围网
9756,拖网
9932,拖网
10206,围网
10904,拖网
9007,拖网
9571,拖网
9014,拖网
10079,拖网
10124,拖网
9433,围网
10828,刺网
9378,围网
10915,围网
10656,拖网
10902,拖网
10706,拖网
9618,围网
9866,围网
9083,拖网
9606,拖网
10552,围网
9133,围网
10981,围网
10556,拖网
10296,围网
10650,拖网
9285,拖网
9648,拖网
9520,拖网
10127,拖网
10852,拖网
9107,拖网
9307,刺网
10865,拖网
9482,刺网
9408,拖网
10713,围网
9736,拖网
9693,围网
10645,围网
9733,拖网
10338,拖网
9042,拖网
9620,围网
9919,刺网
9612,围网
9956,拖网
10399,拖网
9355,拖网
10737,围网
10535,刺网
9081,拖网
9697,围网
10166,拖网
9317,拖网
10087,围网
9232,刺网
10259,拖网
9708,拖网
9359,围网
9880,拖网
9435,围网
9946,围网
10869,拖网
10779,围网
9766,刺网
10212,拖网
10543,拖网
9246,拖网
10956,拖网
9995,拖网
10489,围网
10994,围网
10703,拖网
10634,围网
9535,拖网
10749,拖网
9231,刺网
9486,拖网
9531,刺网
10515,刺网
9219,拖网
9198,围网
9804,拖网
10429,围网
10219,拖网
10813,拖网
9888,拖网
9684,围网
10138,拖网
9784,拖网
9043,围网
10668,拖网
9942,拖网
9124,拖网
9266,拖网
10573,拖网
10801,拖网
9815,拖网
9738,刺网
10111,拖网
10732,拖网
10119,拖网
9634,刺网
9340,拖网
10539,刺网
9302,刺网
10996,围网
9082,拖网
9749,拖网
10938,拖网
10669,刺网
10999,拖网
9954,拖网
9568,围网
9297,拖网
10275,拖网
10974,拖网
9192,拖网
10422,围网
9701,拖网
10171,拖网
9602,拖网
10791,拖网
10677,拖网
9268,拖网
10614,拖网
9915,围网
9643,围网
9512,拖网
10864,拖网
9699,拖网
10080,拖网
10632,拖网
10993,拖网
9600,拖网
10921,拖网
10311,围网
9264,拖网
9795,围网
10751,拖网
9267,刺网
9622,围网
9559,刺网
9449,刺网
10325,围网
10132,拖网
9376,刺网
9071,围网
9096,拖网
9090,围网
9667,拖网
9022,拖网
9798,拖网
9941,拖网
10404,刺网
9711,拖网
9159,拖网
9062,拖网
10405,围网
10168,拖网
10762,拖网
9404,拖网
10428,拖网
10481,拖网
9499,拖网
10446,拖网
10777,刺网
9106,拖网
10143,刺网
9456,拖网
9746,围网
10516,拖网
9558,拖网
10394,刺网
10880,刺网
10397,刺网
9291,拖网
10815,拖网
10041,围网
10741,围网
10308,刺网
10341,拖网
10766,刺网
9953,拖网
10016,拖网
10287,拖网
10565,拖网
9289,围网
9868,拖网
9039,拖网
9894,拖网
10229,围网
9251,拖网
9773,刺网
9964,拖网
9683,拖网
10856,围网
9592,拖网
10288,围网
10555,拖网
9562,围网
9635,拖网
10909,拖网
10442,拖网
9406,拖网
9309,拖网
10936,拖网
10317,围网
9560,拖网
9437,拖网
10369,拖网
10494,刺网
9994,拖网
10597,围网
10612,拖网
9539,拖网
9114,刺网
10396,拖网
9087,围网
10575,围网
9199,拖网
10412,拖网
9933,拖网
10957,刺网
10894,拖网
10985,拖网
10028,拖网
10929,围网
9992,围网
9056,拖网
10037,围网
9271,拖网
10297,拖网
10995,拖网
9187,拖网
9945,围网
10328,拖网
9905,刺网
9066,刺网
9820,拖网
9413,拖网
10335,拖网
9981,拖网
9451,刺网
9783,拖网
10348,拖网
10841,刺网
10372,拖网
9185,拖网
9745,拖网
9718,拖网
9706,拖网
10242,围网
10051,拖网
10497,刺网
9060,拖网
10097,拖网
10012,围网
9776,拖网
10872,拖网
10888,围网
9405,拖网
9694,刺网
10134,拖网
9797,拖网
9441,围网
9287,围网
10618,拖网
10559,围网
10295,刺网
10553,拖网
9205,拖网
10965,拖网
10825,刺网
10205,拖网
9440,拖网
10315,拖网
10305,围网
10601,围网
9967,拖网
9889,刺网
9391,刺网
10482,围网
10636,拖网
9428,拖网
10518,拖网
9113,刺网
9480,围网
10788,拖网
10162,拖网
10910,围网
10898,拖网
9155,拖网
9525,拖网
10702,围网
9242,拖网
9300,围网
9365,拖网
9488,拖网
9421,拖网
9672,围网
10093,拖网
10850,围网
9068,刺网
10589,拖网
9394,刺网
10678,拖网
9023,拖网
9685,围网
9429,拖网
10887,拖网
10015,拖网
9551,拖网
10319,拖网
10922,拖网
9110,围网
9971,刺网
10071,围网
10356,围网
9208,拖网
9522,围网
10183,拖网
10154,拖网
10761,刺网
9922,刺网
10057,拖网
9585,拖网
9912,围网
10085,拖网
10217,拖网
9366,拖网
10318,拖网
9578,拖网
10521,拖网
9980,拖网
10717,刺网
9047,刺网
10576,拖网
9357,围网
10432,围网
10854,拖网
9877,围网
9834,拖网
10544,围网
10159,拖网
10342,拖网
10772,拖网
10241,拖网
10247,围网
9513,围网
9364,拖网
10130,刺网
9577,围网
10248,拖网
9272,拖网
9301,刺网
10000,围网
9227,拖网
10821,拖网
9174,围网
10370,围网
9165,刺网
9501,围网
9855,拖网
10099,刺网
9659,拖网
10676,拖网
9304,拖网
9549,拖网
9690,拖网
9534,拖网
9151,拖网
10209,拖网
10574,围网
9655,拖网
9983,拖网
10651,拖网
10907,刺网
10800,拖网
9574,围网
10336,拖网
10532,拖网
10176,拖网
9900,拖网
10979,刺网
10073,刺网
9710,拖网
10046,拖网
10452,拖网
9447,拖网
9438,拖网
9092,拖网
10946,拖网
10563,拖网
10360,拖网
10773,围网
10648,刺网
9616,拖网
9064,拖网
10218,拖网
10024,拖网
10109,拖网
10424,拖网
10765,围网
10913,刺网
9370,围网
9720,拖网
9595,拖网
10149,围网
10992,围网
9089,围网
9461,围网
9128,刺网
10052,围网
9510,围网
9031,围网
9415,围网
9890,围网
10941,围网
9135,围网
9077,围网
9209,围网
9368,拖网
10522,拖网
9224,围网
9459,拖网
9538,拖网
9168,拖网
10647,拖网
10517,拖网
10233,拖网
10115,拖网
9782,拖网
10770,拖网
9611,拖网
9228,拖网
9681,刺网
10228,拖网
10406,拖网
10954,拖网
9396,拖网
9161,拖网
10519,围网
10952,拖网
9977,拖网
9117,拖网
10545,围网
10602,拖网
9335,拖网
10246,刺网
9583,围网
10240,拖网
10793,拖网
9417,围网
10461,拖网
9239,拖网
10231,刺网
10875,拖网
9282,刺网
10423,围网
10613,拖网
10074,刺网
9498,拖网
9347,拖网
9714,刺网
10301,拖网
9873,拖网
10853,拖网
10237,拖网
10355,拖网
9371,围网
10743,拖网
10933,拖网
10334,拖网
10657,拖网
10135,拖网
9067,围网
9920,拖网
9721,刺网
9603,拖网
9624,拖网
10890,拖网
9241,拖网
9190,拖网
9202,拖网
9016,拖网
10476,拖网
10671,拖网
10560,拖网
10063,拖网
10881,刺网
9573,拖网
10758,拖网
10112,拖网
10708,刺网
10640,刺网
10944,围网
10658,拖网
9171,拖网
9492,刺网
10236,拖网
10721,拖网
9418,拖网
10546,拖网
10731,围网
9935,刺网
10709,拖网
10689,拖网
10701,拖网
10969,围网
9575,拖网
9542,拖网
10025,拖网
9827,围网
10659,围网
9259,围网
10293,拖网
10844,拖网
9591,拖网
10137,拖网
10407,拖网
9274,拖网
10641,拖网
9172,围网
9011,拖网
9846,刺网
10026,拖网
10114,拖网
9153,拖网
10978,围网
10192,拖网
10465,拖网
9432,拖网
9986,刺网
9233,拖网
10141,拖网
9730,拖网
10008,围网
10019,拖网
10040,拖网
9674,拖网
10767,拖网
9775,刺网
9458,拖网
10558,拖网
9099,刺网
9639,刺网
10932,拖网
9017,围网
10392,拖网
9402,围网
10313,围网
9460,拖网
10991,拖网
9162,拖网
10148,拖网
10824,围网
10053,围网
10250,拖网
9088,围网
9243,拖网
9796,刺网
10920,拖网
9604,围网
10140,拖网
10971,拖网
10599,刺网
9475,拖网
10391,拖网
10566,拖网
10169,拖网
9780,拖网
9323,拖网
10120,拖网
9991,拖网
9383,拖网
9869,拖网
9290,拖网
10691,拖网
10829,围网
9778,刺网
9867,拖网
10747,围网
10631,拖网
9580,拖网
9216,围网
9373,围网
9108,拖网
9234,拖网
10469,拖网
10264,拖网
10004,拖网
9281,刺网
9044,刺网
9852,拖网
10310,拖网
10402,围网
9160,拖网
9707,拖网
10488,拖网
9261,拖网
9354,围网
10076,拖网
9661,拖网
9019,围网
10165,拖网
10608,拖网
10278,围网
10227,刺网
10030,拖网
10065,拖网
9189,拖网
9181,拖网
10935,拖网
10425,拖网
10744,刺网
10626,拖网
10349,拖网
10948,拖网
9253,拖网
10262,围网
10968,拖网
10908,拖网
9381,拖网
9085,拖网
9464,拖网
10125,拖网
9036,拖网
10100,拖网
10253,拖网
9104,拖网
10983,拖网
9076,围网
9901,拖网
9397,刺网
10155,拖网
10267,拖网
9119,拖网
9157,围网
9004,拖网
10234,围网
10590,拖网
9976,拖网
10832,拖网
9854,拖网
9094,拖网
10862,拖网
10078,拖网
9306,拖网
10600,围网
9078,拖网
10621,拖网
10048,拖网
10272,拖网
10060,刺网
9968,拖网
9150,围网
10977,围网
9131,拖网
9688,拖网
9555,拖网
10705,围网
9687,拖网
9947,拖网
9453,拖网
10086,拖网
9823,刺网
9021,拖网
9299,围网
10509,拖网
9034,拖网
10514,拖网
9893,拖网
9928,拖网
9728,拖网
10473,拖网
9065,拖网
9938,围网
10362,刺网
10373,拖网
9446,刺网
10690,拖网
10637,刺网
9466,拖网
9916,拖网
9739,拖网
9149,拖网
9790,拖网
9035,刺网
9664,拖网
9093,拖网
9260,拖网
10471,拖网
10445,拖网
9792,刺网
10238,拖网
10617,拖网
10381,围网
9197,拖网
10204,围网
10538,拖网
10663,拖网
9220,拖网
10411,拖网
9250,刺网
10781,拖网
9625,围网
9244,拖网
10714,围网
9835,拖网
10191,围网
10340,围网
10548,围网
9293,刺网
10292,拖网
9003,拖网
9403,刺网
9679,刺网
9586,围网
10472,拖网
10871,围网
9770,拖网
10686,围网
9146,围网
10594,拖网
10588,刺网
9519,拖网
10226,拖网
10760,围网
9084,围网
9375,拖网
9319,刺网
10395,拖网
10820,拖网
9859,围网
9254,拖网
9824,刺网
10704,围网
10768,围网
9055,拖网
10323,拖网
9925,围网
9565,拖网
10923,拖网
9832,拖网
10478,刺网
9511,拖网
9491,拖网
10849,拖网
9892,拖网
9930,拖网
9207,刺网
10339,拖网
9990,刺网
10660,刺网
9280,刺网
9987,围网
9907,刺网
10728,拖网
9327,拖网
9329,拖网
10964,拖网
9581,拖网
10174,拖网
9236,围网
9904,拖网
9012,拖网
9598,拖网
9751,刺网
10528,刺网
9439,刺网
10156,拖网
9175,拖网
10164,围网
10252,围网
10453,拖网
9569,刺网
9729,拖网
9000,拖网
9308,刺网
9283,拖网
10153,拖网
9750,围网
10403,拖网
9911,拖网
9496,拖网
9633,拖网
9966,围网
9627,围网
10541,刺网
9182,拖网
9910,刺网
9204,围网
9764,围网
9984,拖网
10919,拖网
9521,拖网
9536,刺网
10633,围网
9623,拖网
9225,围网
10757,拖网
9799,拖网
10510,拖网
9641,拖网
9812,拖网
9362,拖网
10239,拖网
9045,刺网
10321,围网
10376,围网
9211,围网
9851,围网
10483,拖网
9682,拖网
9906,拖网
10049,拖网
9210,拖网
9781,拖网
10789,拖网
10082,拖网
10615,拖网
9952,拖网
10507,刺网
10477,拖网
9963,拖网
9490,围网
9645,拖网
10629,拖网
10039,拖网
9614,拖网
9422,围网
10419,刺网
10255,拖网
10468,拖网
10203,拖网
9240,拖网
10268,刺网
9129,拖网
9608,拖网
10900,围网
9361,刺网
10578,拖网
10740,拖网
10672,拖网
9468,围网
9653,拖网
9839,拖网
10530,围网
9400,围网
9845,围网
10610,拖网
10095,拖网
9414,拖网
9122,拖网
10005,围网
9726,拖网
9473,围网
10416,拖网
9196,拖网
9442,刺网
10819,围网
9677,围网
9584,拖网
9809,围网
10953,拖网
9891,围网
10680,拖网
10466,拖网
9958,刺网
9673,刺网
10179,拖网
9424,拖网
9221,围网
10188,围网
10022,拖网
9478,拖网
9755,刺网
10945,拖网
10769,围网
9631,围网
10487,拖网
10361,拖网
9765,拖网
9838,拖网
10291,围网
9530,拖网
10271,拖网
10089,拖网
10710,拖网
9712,拖网
10299,拖网
9020,拖网
9169,刺网
9601,围网
10653,刺网
10029,拖网
10790,围网
9126,刺网
9970,拖网
10438,拖网
10698,围网
10616,拖网
9002,围网
9500,拖网
9313,围网
9367,拖网
9844,拖网
10780,拖网
10498,拖网
10882,拖网
9876,围网
9524,拖网
9857,拖网
9821,拖网
9502,拖网
10249,刺网
9245,围网
9179,拖网
10495,围网
9270,围网
10379,拖网
9257,拖网
9112,拖网
10282,围网
10441,拖网
10786,拖网
9951,拖网
10924,拖网
10893,拖网
10836,拖网
9134,拖网
9814,围网
9033,拖网
10840,拖网
9663,拖网
9791,围网
9943,围网
9328,拖网
9073,拖网
9148,拖网
10873,刺网
10033,拖网
10593,拖网
9579,拖网
9013,拖网
10484,拖网
9658,拖网
10860,拖网
10186,拖网
9186,刺网
10444,拖网
10513,拖网
9086,拖网
10998,围网
10646,拖网
9392,拖网
9006,拖网
10551,拖网
10198,拖网
9163,刺网
10951,拖网
10389,围网
10926,拖网
10055,刺网
9051,围网
10257,刺网
10707,拖网
10963,刺网
9760,刺网
9120,围网
10500,拖网
10635,拖网
9929,拖网
10540,拖网
10415,拖网
9132,刺网
10889,拖网
9032,拖网
10966,拖网
10066,拖网
10302,围网
9139,刺网
9154,围网
10294,拖网
10044,围网
10398,拖网
9550,拖网
9275,拖网
9691,围网
10437,刺网
10846,围网
10959,拖网
10196,拖网
10587,围网
10493,拖网
10536,拖网
9863,刺网
9026,拖网
9426,拖网
10430,围网
9436,拖网
10764,刺网
9543,刺网
10058,刺网
10443,拖网
10368,围网
10943,拖网
10408,拖网
10263,拖网
9541,围网
9848,围网
9737,拖网
10584,拖网
9377,拖网
9786,拖网
10103,拖网
10332,围网
9537,拖网
10490,拖网
9249,围网
10776,围网
9874,拖网
9320,拖网
9201,拖网
10524,围网
9817,刺网
9095,拖网
10034,拖网
10199,拖网
10344,拖网
9680,围网
9903,围网
10609,围网
9050,拖网
10195,拖网
9960,拖网
9247,拖网
10673,刺网
9759,拖网
10207,围网
9909,围网
10244,拖网
9732,拖网
9864,围网
10470,拖网
9054,刺网
10523,拖网
10870,拖网
9609,拖网
9116,拖网
9843,拖网
9833,围网
9079,拖网
9030,刺网
9999,刺网
9785,拖网
9529,围网
10804,拖网
10674,围网
10912,拖网
10622,拖网
9719,刺网
10726,围网
10290,拖网
9326,刺网
10795,拖网
9881,拖网
10735,拖网
10303,刺网
9061,刺网
10157,拖网
9339,拖网
10269,拖网
10458,围网
10185,围网
10367,刺网
10878,刺网
9754,拖网
9351,围网
9856,围网
10459,拖网
10088,拖网
9979,拖网
9318,刺网
9547,拖网
10285,围网
10096,围网
10273,围网
9830,拖网
9038,围网
9962,围网
10984,拖网
9769,围网
10501,围网
9546,拖网
9516,拖网
9640,围网
9626,拖网
10937,拖网
9321,拖网
10113,拖网
9276,拖网
9223,拖网
10973,刺网
10222,拖网
10117,拖网
10526,拖网
9342,围网
10550,拖网
10774,刺网
10754,拖网
9669,拖网
9427,拖网
9897,拖网
10579,拖网
10479,拖网
9479,围网
9075,拖网
10193,拖网
10001,拖网
9955,刺网
9277,拖网
10474,刺网
9410,拖网
9358,拖网
10167,围网
9503,拖网
10638,拖网
10485,刺网
9434,拖网
9212,围网
10561,拖网
9465,围网
9801,围网
9273,围网
10486,拖网
10281,围网
9263,刺网
10047,拖网
9477,拖网
9705,拖网
10187,围网
9725,围网
9841,围网
10667,拖网
10023,拖网
9997,拖网
10448,拖网
10679,拖网
9850,围网
